                  epoch,         train/box_loss,         train/cls_loss,         train/dfl_loss,   metrics/precision(B),      metrics/recall(B),       metrics/mAP50(B),    metrics/mAP50-95(B),           val/box_loss,           val/cls_loss,           val/dfl_loss,                 lr/pg0,                 lr/pg1,                 lr/pg2
                      1,                 3.0905,                 3.0852,                 4.1161,                0.00328,                0.64423,                0.02415,                0.00714,                 3.0251,                 3.2487,                 4.1014,             0.00064912,             0.00064912,             0.00064912
                      2,                 2.8486,                 2.9196,                 3.6861,                 0.0297,                0.63462,                0.30214,                 0.0429,                 3.1405,                 5.1129,                 3.8425,              0.0012637,              0.0012637,              0.0012637
                      3,                 2.4397,                 2.7655,                 3.2079,                0.03607,                0.02885,                0.15168,                0.02917,                  2.894,                 3.3204,                 3.4595,              0.0018254,              0.0018254,              0.0018254
                      4,                 2.2368,                 2.5675,                 2.9415,                0.85014,                0.47115,                0.46633,                 0.1901,                 2.2035,                 3.9402,                 3.0698,              0.0017624,              0.0017624,              0.0017624
